0;0
0;0,0025
0;0,0025
0;0,0025
0;0,0025
0;0,0025
0;0,0025
0;0,0025
0;0,0025
0;0,0025
0;0,0025
0;0,0025
0;0,0025
0;0,0025
0;0,0025
0;0,0025
0;0,0025
0;0,0025
0;0,0025
0;0,0025
0;0,0025
0;0,0025
0;0,0025
0;0,0025
0;0,0025
0;0,0025
0;0,0025
0;0,0025
0;0,0025
0;0,0025
0;0,0025
0;0,0025
0;0,0025
0;0,0025
0;0,0025
0;0,0025
0;0,0025
0;0,0025
0;0,0025
0;0,0025
0;0,0025
0;0,0025
0;0,0025
0;0,0025
0;0,0025
0;0,0025
0;0,0025
0;0,0025
0;0,0025
0;0,0025
0;0,0025
0;0,0025
0;0,0025
0;0,0025
0;0,0025
0;0,0025
0;0,0025
0;0,0025
0;0,0025
0;0,0025
0;0,0025
0;0,0025
0;0,0025
0;0,0025
0;0,0025
0;0,0025
0;0,0025
0;0,0025
0;0,0025
0;0,0025
0;0,0025
0;0,0025
0;0,0025
0;0,0025
0;0,0025
0;0,0025
0;0,0025
0;0,0025
0;0,0025
0;0,0025
0;0,0025
0;0,0025
0;0,0025
0;0,0025
0;0,0025
0;0,0025
0;0,0025
0;0,0025
0;0,0025
0;0,0025
0;0,0025
0;0,0025
0;0,0025
0;0,0025
0;0,0025
0;0,0025
0;0,0025
0;0,0025
0;0,0025
0;0,0025
0;0,0025
0;0,0025
0;0,0025
0;0,0025
0;0,0025
0;0,0025
0;0,0025
0;0,0025
0;0,0025
0;0,0025
0;0,0025
0;0,0025
0;0,0025
0;0,0025
0;0,0025
0;0,0025
0;0,0025
0;0,0025
0;0,00375
0;0,00375
0;0,00375
0;0,00375
0;0,00375
0;0,00375
0;0,00375
0;0,00375
0;0,00375
0;0,00375
0;0,00375
0;0,00375
0;0,005
0;0,005
0;0,005
0;0,005
0;0,005
0;0,005
0;0,005
0;0,005
0;0,005
0;0,005
0;0,005
0;0,005
0;0,005
0;0,005
0;0,005
0;0,005
0;0,005
0;0,005
0;0,005
0;0,005
0;0,005
0;0,005
0;0,005
0;0,005
0;0,005
0;0,005
0;0,005
0;0,005
0;0,00625
0;0,00625
0;0,00625
0;0,00625
0;0,00625
0;0,00625
0;0,00625
0;0,00625
0;0,00625
0;0,00625
0;0,00625
0;0,00625
0;0,00625
0;0,00625
0;0,00625
0;0,00625
0;0,00625
0;0,00625
0;0,00625
0;0,00625
0;0,00625
0;0,00625
0;0,00625
0;0,00625
0;0,00625
0;0,00625
0;0,00625
0;0,00625
0;0,00625
0;0,00625
0;0,00625
0;0,00625
0;0,00625
0;0,00625
0;0,00625
0;0,00625
0;0,00625
0;0,00625
0;0,00625
0;0,00625
0;0,00625
0;0,00625
0;0,00625
0;0,00625
0;0,00625
0;0,00625
0;0,00625
0;0,00625
0;0,00625
0;0,00625
0;0,00625
0;0,0075
0;0,0075
0;0,0075
0;0,0075
0;0,0075
0;0,00875
0;0,00875
0;0,00875
0;0,00875
0;0,01
0;0,01
0;0,01
0;0,0125
0;0,0125
0;0,01375
0;0,01375
0;0,015
0;0,015
0;0,015
0;0,015
0;0,015
0;0,01625
0;0,0175
0;0,0175
0;0,0175
0;0,0175
0;0,0175
0;0,0175
0;0,0175
0;0,01875
0;0,02
0;0,02125
0;0,02125
0;0,02125
0;0,02125
0;0,02125
0;0,0225
0;0,025
0;0,02625
0;0,02625
0;0,02625
0;0,02625
0;0,02625
0;0,02625
0;0,02625
0;0,0275
0;0,0275
0;0,0275
0;0,0275
0;0,0275
0;0,0275
0;0,03
0;0,03
0;0,03
0;0,03
0;0,03
0;0,03
0;0,0325
0;0,035
0;0,035
0;0,035
0;0,035
0;0,035
0;0,035
0;0,03625
0;0,03625
0;0,0375
0;0,0375
0;0,0375
0;0,0375
0;0,0375
0;0,0375
0;0,03875
0;0,03875
0;0,03875
0;0,03875
0;0,03875
0;0,03875
0;0,04
0;0,04125
0;0,0425
0;0,04375
0;0,04375
0;0,04375
0;0,045
0;0,045
0;0,045
0;0,04625
0;0,0475
0;0,04875
0;0,04875
0;0,05
0;0,05
0;0,05125
0;0,05125
0;0,05125
0;0,05375
0;0,05375
0;0,05375
0;0,055
0;0,05625
0;0,0575
0;0,0575
0;0,06
0;0,06125
0;0,06125
0;0,06125
0;0,06125
0;0,0625
0;0,0625
0;0,0625
0;0,06375
0;0,06375
0;0,065
0;0,065
0;0,06625
0;0,0675
0;0,0675
0;0,0675
0;0,06875
0;0,07125
0;0,0725
0;0,0725
0;0,07375
0;0,07375
0;0,075
0;0,07625
0;0,07875
0;0,07875
0;0,08125
0;0,085
0;0,085
0;0,085
0;0,085
0;0,085
0;0,08625
0;0,08625
0;0,08875
0;0,09
0;0,09125
0;0,09375
0;0,09375
0;0,09375
0;0,09375
0;0,095
0;0,09625
0;0,0975
0;0,1
0;0,10125
0;0,10375
0;0,10375
0;0,10375
0;0,10375
0;0,10375
0;0,10375
0;0,105
0;0,10625
0;0,10875
0;0,10875
0;0,11
0;0,1125
0;0,11375
0;0,11375
0;0,11625
0;0,11625
0;0,11625
0;0,11625
0;0,11625
0;0,11625
0;0,11875
0;0,12125
0;0,12375
0;0,125
0;0,12625
0;0,12625
0;0,12875
0;0,1325
0;0,1325
0;0,1325
0;0,13375
0;0,13625
0;0,13625
0;0,13625
0;0,1375
0;0,1375
0;0,13875
0;0,13875
0;0,13875
0;0,13875
0;0,14
0;0,14
0;0,14125
0;0,1425
0;0,14375
0;0,145
0;0,1475
0;0,1475
0;0,1475
0;0,14875
0;0,15625
0;0,15625
0;0,1575
0;0,16
0;0,16375
0;0,165
0;0,16625
0;0,17125
0;0,1725
0;0,1725
0;0,175
0;0,17875
0;0,18125
0;0,18375
0;0,18625
0;0,19
0;0,19125
0;0,19125
0;0,1925
0;0,19375
0;0,19625
0;0,19625
0;0,19875
0;0,20125
0;0,205
0;0,2075
0;0,20875
0;0,21125
0;0,215
0;0,21625
0;0,2175
0;0,22
0;0,22375
0;0,22625
0;0,23
0;0,23625
0;0,23875
0;0,23875
0;0,24125
0;0,2425
0;0,2425
0;0,245
0;0,24625
0;0,2475
0;0,24875
0;0,25125
0;0,255
0;0,25625
0;0,26
0;0,26
0;0,2625
0;0,26375
0;0,2675
0;0,27375
0;0,27625
0;0,27875
0;0,28
0;0,28125
0;0,2825
0;0,285
0;0,28875
0;0,29125
0;0,2925
0;0,29375
0;0,29375
0;0,29625
0;0,29875
0;0,3
0;0,30125
0;0,3075
0;0,30875
0;0,30875
0;0,3125
0;0,3125
0;0,31625
0;0,32125
0;0,325
0;0,32625
0;0,33
0;0,33125
0;0,33375
0;0,335
0;0,33625
0;0,3375
0;0,33875
0;0,33875
0;0,34
0;0,34
0;0,34375
0;0,3475
0;0,35
0;0,35125
0;0,355
0;0,36
0;0,36375
0;0,36625
0;0,3675
0;0,37
0;0,37
0;0,37
0;0,37125
0;0,375
0;0,37875
0;0,38
0;0,3825
0;0,38375
0;0,3925
0;0,395
0;0,39625
0;0,4025
0;0,405
0;0,40625
0;0,40875
0;0,41
0;0,4125
0;0,4125
0;0,4125
0;0,4175
0;0,42
0;0,42125
0;0,42125
0;0,4225
0;0,425
0;0,4275
0;0,43125
0;0,43125
0;0,435
0;0,4375
0;0,44
0;0,44125
0;0,4425
0;0,44375
0;0,4475
0;0,44875
0;0,45125
0;0,45375
0;0,455
0;0,4575
0;0,46125
0;0,4625
0;0,4675
0;0,4675
0;0,47125
0;0,475
0;0,4775
0;0,47875
0;0,48125
0;0,48125
0;0,485
0;0,49
0;0,49
0;0,49
0;0,49375
0;0,49625
0;0,50125
0;0,50625
0;0,50625
0;0,50875
0;0,51125
0;0,515
0;0,51625
0;0,51625
0;0,51625
0;0,51625
0;0,5175
0;0,5175
0;0,52
0;0,52375
0;0,5275
0;0,5325
0;0,53375
0;0,53875
0;0,54125
0;0,5425
0;0,5425
0;0,545
0;0,5475
0;0,54875
0;0,55
0;0,55375
0;0,55625
0;0,56125
0;0,56125
0;0,56625
0;0,57
0;0,57125
0;0,575
0;0,575
0;0,5775
0;0,57875
0;0,5825
0;0,58875
0;0,5925
0;0,59375
0;0,595
0;0,60125
0;0,6025
0;0,60625
0;0,61
0;0,61125
0;0,6125
0;0,6175
0;0,62
0;0,62125
0;0,625
0;0,62875
0;0,63
0;0,635
0;0,6375
0;0,63875
0;0,64
0;0,64
0;0,64125
0;0,6425
0;0,6425
0;0,64375
0;0,64625
0;0,64875
0;0,65125
0;0,6525
0;0,65375
0;0,65875
0;0,65875
0;0,66
0;0,6625
0;0,66375
0;0,665
0;0,66625
0;0,66625
0;0,6675
0;0,66875
0;0,67
0;0,67
0;0,67375
0;0,67625
0;0,67625
0;0,6775
0;0,68125
0;0,68125
0;0,68375
0;0,68875
0;0,6925
0;0,69375
0;0,69625
0;0,69625
0;0,69625
0;0,7
0;0,7025
0;0,70625
0;0,70875
0;0,7125
0;0,71375
0;0,71625
0;0,71875
0;0,71875
0,000833333333333353;0,72125
0,000833333333333353;0,725
0,000833333333333353;0,725
0,000833333333333353;0,72625
0,000833333333333353;0,7275
0,000833333333333353;0,7275
0,000833333333333353;0,72875
0,000833333333333353;0,73125
0,000833333333333353;0,73125
0,000833333333333353;0,73625
0,000833333333333353;0,73625
0,000833333333333353;0,7375
0,000833333333333353;0,74125
0,000833333333333353;0,74125
0,000833333333333353;0,7425
0,000833333333333353;0,7425
0,000833333333333353;0,74375
0,000833333333333353;0,74375
0,000833333333333353;0,745
0,000833333333333353;0,74875
0,000833333333333353;0,75
0,000833333333333353;0,755
0,000833333333333353;0,75625
0,000833333333333353;0,76
0,000833333333333353;0,76125
0,000833333333333353;0,7625
0,000833333333333353;0,76375
0,000833333333333353;0,76625
0,000833333333333353;0,76625
0,000833333333333353;0,77
0,000833333333333353;0,77
0,000833333333333353;0,77375
0,00166666666666671;0,7775
0,00166666666666671;0,7775
0,00166666666666671;0,78
0,00166666666666671;0,78375
0,00166666666666671;0,785
0,00166666666666671;0,7875
0,00249999999999995;0,78875
0,00249999999999995;0,79125
0,00249999999999995;0,79125
0,00249999999999995;0,79125
0,00249999999999995;0,7925
0,00249999999999995;0,79625
0,00249999999999995;0,79875
0,00249999999999995;0,80125
0,00249999999999995;0,805
0,00249999999999995;0,80875
0,00249999999999995;0,81125
0,00249999999999995;0,81375
0,00249999999999995;0,81375
0,00249999999999995;0,81625
0,00249999999999995;0,81875
0,00249999999999995;0,81875
0,00249999999999995;0,82125
0,00249999999999995;0,82125
0,00249999999999995;0,8225
0,00249999999999995;0,8225
0,00249999999999995;0,825
0,00249999999999995;0,82625
0,00249999999999995;0,83
0,00249999999999995;0,83125
0,00249999999999995;0,83375
0,00249999999999995;0,835
0,00249999999999995;0,84
0,00249999999999995;0,8425
0,00249999999999995;0,845
0,00249999999999995;0,845
0,00249999999999995;0,84625
0,00249999999999995;0,84875
0,00249999999999995;0,85
0,00249999999999995;0,85125
0,00249999999999995;0,85125
0,00249999999999995;0,85125
0,00249999999999995;0,85125
0,00249999999999995;0,8525
0,00249999999999995;0,8525
0,00249999999999995;0,85375
0,00249999999999995;0,85375
0,00249999999999995;0,85625
0,00249999999999995;0,85625
0,00249999999999995;0,85625
0,0033333333333333;0,85625
0,0033333333333333;0,8575
0,0033333333333333;0,8575
0,0033333333333333;0,85875
0,0033333333333333;0,86
0,0033333333333333;0,86
0,0033333333333333;0,8625
0,0033333333333333;0,86375
0,0033333333333333;0,86625
0,0033333333333333;0,86625
0,0033333333333333;0,87
0,0033333333333333;0,87
0,0033333333333333;0,87
0,0033333333333333;0,8725
0,0033333333333333;0,875
0,0033333333333333;0,87625
0,0033333333333333;0,88
0,0033333333333333;0,88
0,0033333333333333;0,88
0,0033333333333333;0,88125
0,0033333333333333;0,88375
0,0033333333333333;0,88375
0,0033333333333333;0,885
0,0033333333333333;0,885
0,0033333333333333;0,885
0,0033333333333333;0,88625
0,0033333333333333;0,88625
0,0033333333333333;0,88625
0,0033333333333333;0,8875
0,0033333333333333;0,88875
0,0033333333333333;0,88875
0,0033333333333333;0,88875
0,0033333333333333;0,89
0,0033333333333333;0,89
0,00416666666666665;0,89
0,00416666666666665;0,89
0,005;0,89
0,00583333333333336;0,89
0,00583333333333336;0,89
0,00583333333333336;0,89125
0,00583333333333336;0,8975
0,00583333333333336;0,9
0,00583333333333336;0,90125
0,00666666666666671;0,90125
0,00666666666666671;0,90375
0,00666666666666671;0,90625
0,00666666666666671;0,90625
0,00666666666666671;0,90625
0,00666666666666671;0,9075
0,00666666666666671;0,90875
0,00666666666666671;0,91
0,00666666666666671;0,91
0,00666666666666671;0,91
0,00666666666666671;0,91
0,00666666666666671;0,91125
0,00666666666666671;0,91125
0,00666666666666671;0,9125
0,00666666666666671;0,9125
0,00749999999999995;0,9125
0,00749999999999995;0,9125
0,00749999999999995;0,9125
0,00749999999999995;0,91375
0,00749999999999995;0,915
0,00749999999999995;0,915
0,00749999999999995;0,915
0,0083333333333333;0,91625
0,0083333333333333;0,91875
0,0083333333333333;0,91875
0,0083333333333333;0,91875
0,0083333333333333;0,91875
0,0083333333333333;0,91875
0,0083333333333333;0,92
0,0083333333333333;0,92
0,0083333333333333;0,92
0,0083333333333333;0,92125
0,0083333333333333;0,92375
0,0083333333333333;0,925
0,0083333333333333;0,92625
0,0083333333333333;0,9275
0,0083333333333333;0,92875
0,0083333333333333;0,93125
0,0083333333333333;0,93125
0,0083333333333333;0,93125
0,0083333333333333;0,93125
0,0083333333333333;0,93125
0,0083333333333333;0,9325
0,0083333333333333;0,9325
0,00916666666666666;0,9325
0,00916666666666666;0,93375
0,00916666666666666;0,93375
0,00916666666666666;0,935
0,00916666666666666;0,935
0,00916666666666666;0,935
0,01;0,9375
0,01;0,94
0,01;0,94125
0,01;0,94125
0,01;0,94375
0,01;0,94375
0,01;0,94375
0,01;0,945
0,01;0,94625
0,01;0,94625
0,01;0,94625
0,01;0,94625
0,01;0,94625
0,01;0,94625
0,01;0,9475
0,01;0,94875
0,0108333333333334;0,94875
0,0108333333333334;0,94875
0,0108333333333334;0,94875
0,0108333333333334;0,94875
0,0125;0,95
0,0125;0,9525
0,0125;0,955
0,0125;0,955
0,0125;0,955
0,0125;0,955
0,0125;0,955
0,0125;0,955
0,0125;0,95625
0,0125;0,95625
0,0125;0,95625
0,0125;0,95625
0,0133333333333333;0,95625
0,0141666666666667;0,95625
0,0141666666666667;0,95625
0,0141666666666667;0,95625
0,0141666666666667;0,95625
0,0141666666666667;0,95625
0,0141666666666667;0,95625
0,0141666666666667;0,95625
0,0141666666666667;0,95625
0,015;0,95625
0,015;0,95625
0,015;0,95625
0,015;0,95625
0,015;0,9575
0,015;0,9575
0,015;0,9575
0,0158333333333334;0,9575
0,0158333333333334;0,95875
0,0158333333333334;0,95875
0,0158333333333334;0,96
0,0158333333333334;0,96
0,0158333333333334;0,96
0,0158333333333334;0,96
0,0158333333333334;0,96
0,0158333333333334;0,96125
0,0158333333333334;0,96125
0,0158333333333334;0,9625
0,0158333333333334;0,9625
0,0158333333333334;0,9625
0,0158333333333334;0,96375
0,0166666666666667;0,96375
0,0175;0,96375
0,0183333333333333;0,96375
0,0183333333333333;0,96375
0,0183333333333333;0,965
0,0183333333333333;0,96625
0,0183333333333333;0,9675
0,0183333333333333;0,96875
0,0183333333333333;0,96875
0,0183333333333333;0,96875
0,0191666666666667;0,96875
0,02;0,96875
0,02;0,96875
0,0208333333333334;0,96875
0,0208333333333334;0,96875
0,0208333333333334;0,96875
0,0216666666666666;0,96875
0,0216666666666666;0,96875
0,0225;0,96875
0,0225;0,96875
0,0225;0,97
0,0225;0,97
0,0225;0,97
0,0241666666666667;0,97
0,0241666666666667;0,97
0,0241666666666667;0,97125
0,025;0,97125
0,025;0,97125
0,025;0,9725
0,0258333333333334;0,97375
0,0266666666666666;0,97375
0,0266666666666666;0,97375
0,0275;0,97375
0,0275;0,97375
0,0275;0,97375
0,0275;0,97375
0,0283333333333333;0,97375
0,0291666666666667;0,97375
0,0291666666666667;0,97375
0,0291666666666667;0,97375
0,0291666666666667;0,97375
0,0291666666666667;0,97375
0,0291666666666667;0,97375
0,0291666666666667;0,97375
0,0291666666666667;0,97375
0,0291666666666667;0,97375
0,03;0,97375
0,03;0,97375
0,03;0,97375
0,03;0,97375
0,03;0,97375
0,0308333333333334;0,97375
0,0308333333333334;0,97375
0,0308333333333334;0,97375
0,0308333333333334;0,97375
0,0308333333333334;0,975
0,0325;0,97625
0,0341666666666667;0,97625
0,0341666666666667;0,97625
0,0341666666666667;0,97625
0,035;0,97625
0,035;0,97625
0,0366666666666666;0,9775
0,0375;0,9775
0,0375;0,9775
0,0375;0,9775
0,0375;0,9775
0,0383333333333333;0,9775
0,0383333333333333;0,9775
0,0383333333333333;0,9775
0,0391666666666667;0,9775
0,0391666666666667;0,97875
0,04;0,97875
0,04;0,97875
0,04;0,97875
0,0408333333333334;0,97875
0,0408333333333334;0,97875
0,0408333333333334;0,97875
0,0425;0,97875
0,0433333333333333;0,97875
0,0433333333333333;0,98
0,0433333333333333;0,98
0,0433333333333333;0,98
0,045;0,98125
0,045;0,98125
0,045;0,98125
0,045;0,98375
0,045;0,98375
0,045;0,98375
0,045;0,98375
0,045;0,98375
0,045;0,98375
0,045;0,98375
0,045;0,985
0,045;0,985
0,0475;0,985
0,0475;0,985
0,0475;0,985
0,0483333333333333;0,985
0,0491666666666667;0,98625
0,0491666666666667;0,9875
0,05;0,9875
0,05;0,9875
0,05;0,9875
0,0508333333333333;0,9875
0,0508333333333333;0,9875
0,0508333333333333;0,9875
0,0508333333333333;0,9875
0,0508333333333333;0,9875
0,0508333333333333;0,9875
0,0525;0,9875
0,0533333333333333;0,9875
0,0541666666666667;0,9875
0,0541666666666667;0,98875
0,0541666666666667;0,98875
0,0541666666666667;0,98875
0,055;0,98875
0,0558333333333333;0,98875
0,0558333333333333;0,98875
0,0583333333333333;0,98875
0,0583333333333333;0,98875
0,0600000000000001;0,98875
0,0600000000000001;0,98875
0,0600000000000001;0,98875
0,0608333333333333;0,98875
0,0616666666666666;0,98875
0,0633333333333334;0,99
0,0649999999999999;0,99
0,0666666666666667;0,99125
0,0691666666666667;0,99125
0,07;0,99125
0,0708333333333333;0,99125
0,0716666666666667;0,99125
0,0716666666666667;0,99125
0,0716666666666667;0,99125
0,0725;0,99125
0,0725;0,99125
0,0725;0,99125
0,0725;0,99125
0,0725;0,99125
0,0725;0,99125
0,0733333333333334;0,99125
0,0733333333333334;0,99125
0,075;0,99125
0,0758333333333333;0,99125
0,0758333333333333;0,99125
0,0758333333333333;0,99125
0,0758333333333333;0,99125
0,0775;0,99125
0,0783333333333334;0,99125
0,0783333333333334;0,99125
0,0791666666666667;0,99125
0,0791666666666667;0,99125
0,0808333333333333;0,99125
0,0808333333333333;0,99125
0,0808333333333333;0,99125
0,0816666666666667;0,99125
0,0833333333333334;0,99125
0,085;0,99125
0,0858333333333333;0,99125
0,0875;0,99125
0,0883333333333334;0,99125
0,0891666666666666;0,9925
0,09;0,9925
0,0908333333333333;0,9925
0,0908333333333333;0,9925
0,0908333333333333;0,9925
0,0925;0,9925
0,0933333333333334;0,9925
0,0933333333333334;0,9925
0,0933333333333334;0,9925
0,0933333333333334;0,9925
0,0958333333333333;0,9925
0,0966666666666667;0,9925
0,0975;0,9925
0,0983333333333334;0,9925
0,0991666666666666;0,9925
0,100833333333333;0,9925
0,100833333333333;0,9925
0,100833333333333;0,9925
0,101666666666667;0,9925
0,103333333333333;0,9925
0,103333333333333;0,9925
0,104166666666667;0,9925
0,106666666666667;0,9925
0,1075;0,9925
0,108333333333333;0,99375
0,11;0,99375
0,110833333333333;0,99375
0,1125;0,99375
0,1125;0,99375
0,1125;0,99375
0,1125;0,99375
0,1125;0,99375
0,113333333333333;0,99375
0,115833333333333;0,99375
0,116666666666667;0,99375
0,118333333333333;0,99375
0,119166666666667;0,99375
0,12;0,99375
0,12;0,99375
0,120833333333333;0,99375
0,120833333333333;0,99375
0,1225;0,99375
0,125;0,99375
0,125833333333333;0,99375
0,128333333333333;0,99375
0,128333333333333;0,99375
0,128333333333333;0,995
0,129166666666667;0,995
0,130833333333333;0,995
0,131666666666667;0,995
0,135833333333333;0,995
0,135833333333333;0,995
0,135833333333333;0,995
0,135833333333333;0,995
0,138333333333333;0,995
0,14;0,995
0,14;0,995
0,140833333333333;0,995
0,143333333333333;0,995
0,143333333333333;0,995
0,145833333333333;0,995
0,1475;0,995
0,15;0,995
0,151666666666667;0,995
0,151666666666667;0,995
0,153333333333333;0,99625
0,153333333333333;0,99625
0,153333333333333;0,99625
0,154166666666667;0,99625
0,155;0,99625
0,156666666666667;0,99625
0,1575;0,99625
0,160833333333333;0,99625
0,160833333333333;0,99625
0,161666666666667;0,99625
0,165;0,99625
0,165833333333333;0,99625
0,166666666666667;0,99625
0,169166666666667;0,99625
0,169166666666667;0,99625
0,169166666666667;0,99625
0,169166666666667;0,99625
0,17;0,99625
0,1725;0,99625
0,174166666666667;0,99625
0,174166666666667;0,99625
0,175;0,99625
0,175833333333333;0,99625
0,175833333333333;0,99625
0,176666666666667;0,99625
0,176666666666667;0,99625
0,178333333333333;0,99625
0,179166666666667;0,99625
0,180833333333333;0,99625
0,181666666666667;0,99625
0,184166666666667;0,99625
0,184166666666667;0,9975
0,185833333333333;0,9975
0,186666666666667;0,9975
0,188333333333333;0,9975
0,189166666666667;0,9975
0,19;0,9975
0,190833333333333;0,9975
0,1925;0,9975
0,195833333333333;0,9975
0,1975;0,9975
0,2;0,9975
0,205;0,9975
0,206666666666667;0,9975
0,209166666666667;0,9975
0,2125;0,9975
0,213333333333333;0,9975
0,214166666666667;0,9975
0,215;0,9975
0,215;0,9975
0,218333333333333;0,9975
0,22;0,9975
0,22;0,9975
0,220833333333333;0,9975
0,2225;0,9975
0,224166666666667;0,9975
0,226666666666667;0,9975
0,226666666666667;0,9975
0,2275;0,9975
0,229166666666667;0,9975
0,23;0,9975
0,230833333333333;0,9975
0,2325;0,99875
0,234166666666667;0,99875
0,234166666666667;0,99875
0,236666666666667;0,99875
0,238333333333333;0,99875
0,239166666666667;0,99875
0,24;0,99875
0,243333333333333;0,99875
0,248333333333333;0,99875
0,25;0,99875
0,2525;0,99875
0,253333333333333;0,99875
0,255833333333333;0,99875
0,258333333333333;0,99875
0,259166666666667;0,99875
0,261666666666667;0,99875
0,263333333333333;0,99875
0,265833333333333;0,99875
0,265833333333333;0,99875
0,266666666666667;0,99875
0,268333333333333;0,99875
0,270833333333333;0,99875
0,275;0,99875
0,276666666666667;0,99875
0,2775;0,99875
0,279166666666667;0,99875
0,2825;0,99875
0,2875;0,99875
0,2875;0,99875
0,288333333333333;0,99875
0,289166666666667;0,99875
0,29;0,99875
0,29;0,99875
0,291666666666667;0,99875
0,295833333333333;0,99875
0,298333333333333;0,99875
0,298333333333333;0,99875
0,3;0,99875
0,300833333333333;0,99875
0,3025;0,99875
0,304166666666667;0,99875
0,305833333333333;0,99875
0,309166666666667;0,99875
0,31;0,99875
0,310833333333333;0,99875
0,313333333333333;0,99875
0,315;0,99875
0,3175;0,99875
0,319166666666667;0,99875
0,32;0,99875
0,321666666666667;0,99875
0,3225;0,99875
0,324166666666667;0,99875
0,325;0,99875
0,326666666666667;0,99875
0,33;0,99875
0,330833333333333;0,99875
0,330833333333333;0,99875
0,333333333333333;0,99875
0,335;0,99875
0,338333333333333;0,99875
0,3425;0,99875
0,343333333333333;0,99875
0,345;0,99875
0,346666666666667;0,99875
0,346666666666667;0,99875
0,3475;0,99875
0,348333333333333;0,99875
0,350833333333333;0,99875
0,3525;0,99875
0,3525;0,99875
0,3525;0,99875
0,353333333333333;0,99875
0,355;0,99875
0,356666666666667;0,99875
0,359166666666667;0,99875
0,361666666666667;0,99875
0,363333333333333;0,99875
0,3675;0,99875
0,370833333333333;0,99875
0,3725;0,99875
0,375833333333333;0,99875
0,378333333333333;0,99875
0,379166666666667;0,99875
0,379166666666667;0,99875
0,3825;0,99875
0,383333333333333;0,99875
0,384166666666667;0,99875
0,385;0,99875
0,386666666666667;0,99875
0,3875;0,99875
0,3925;0,99875
0,396666666666667;0,99875
0,398333333333333;0,99875
0,404166666666667;0,99875
0,405833333333333;0,99875
0,406666666666667;0,99875
0,4075;0,99875
0,413333333333333;0,99875
0,415833333333333;0,99875
0,419166666666667;0,99875
0,421666666666667;0,99875
0,423333333333333;0,99875
0,425;0,99875
0,4275;0,99875
0,429166666666667;0,99875
0,430833333333333;0,99875
0,431666666666667;0,99875
0,434166666666667;0,99875
0,434166666666667;0,99875
0,438333333333333;0,99875
0,44;0,99875
0,440833333333333;0,99875
0,441666666666667;0,99875
0,445;0,99875
0,445;0,99875
0,446666666666667;0,99875
0,448333333333333;0,99875
0,449166666666667;0,99875
0,4525;0,99875
0,455833333333333;0,99875
0,459166666666667;0,99875
0,460833333333333;0,99875
0,465833333333333;0,99875
0,466666666666667;0,99875
0,469166666666667;0,99875
0,470833333333333;0,99875
0,473333333333333;0,99875
0,474166666666667;0,99875
0,476666666666667;0,99875
0,479166666666667;0,99875
0,4825;0,99875
0,4875;0,99875
0,489166666666667;0,99875
0,491666666666667;0,99875
0,493333333333333;0,99875
0,495;0,99875
0,4975;0,99875
0,501666666666667;0,99875
0,503333333333333;0,99875
0,504166666666667;0,99875
0,506666666666667;0,99875
0,509166666666667;0,99875
0,510833333333333;0,99875
0,515833333333333;0,99875
0,516666666666667;0,99875
0,518333333333333;0,99875
0,52;0,99875
0,521666666666667;0,99875
0,523333333333333;0,99875
0,524166666666667;0,99875
0,525;0,99875
0,525833333333333;0,99875
0,5275;0,99875
0,5275;0,99875
0,530833333333333;1
0,534166666666667;1
0,535;1
0,538333333333333;1
0,54;1
0,541666666666667;1
0,544166666666667;1
0,545833333333333;1
0,546666666666667;1
0,548333333333333;1
0,55;1
0,550833333333333;1
0,550833333333333;1
0,550833333333333;1
0,554166666666667;1
0,555833333333333;1
0,555833333333333;1
0,560833333333333;1
0,561666666666667;1
0,564166666666667;1
0,568333333333333;1
0,57;1
0,573333333333333;1
0,575;1
0,575;1
0,575833333333333;1
0,578333333333333;1
0,581666666666667;1
0,585;1
0,585;1
0,585833333333333;1
0,586666666666667;1
0,5875;1
0,589166666666667;1
0,593333333333333;1
0,595;1
0,596666666666667;1
0,6;1
0,6;1
0,6025;1
0,603333333333333;1
0,609166666666667;1
0,61;1
0,6125;1
0,618333333333333;1
0,62;1
0,620833333333333;1
0,6225;1
0,624166666666667;1
0,626666666666667;1
0,6275;1
0,628333333333333;1
0,628333333333333;1
0,629166666666667;1
0,631666666666667;1
0,633333333333333;1
0,6375;1
0,64;1
0,643333333333333;1
0,645833333333333;1
0,646666666666667;1
0,6475;1
0,649166666666667;1
0,651666666666667;1
0,651666666666667;1
0,655833333333333;1
0,658333333333333;1
0,658333333333333;1
0,660833333333333;1
0,6625;1
0,6625;1
0,663333333333333;1
0,663333333333333;1
0,698333333333333;1
0,703333333333333;1
0,704166666666667;1
0,705833333333333;1
0,71;1
0,710833333333333;1
0,713333333333333;1
0,7175;1
0,718333333333333;1
0,719166666666667;1
0,720833333333333;1
0,724166666666667;1
0,725;1
0,725;1
0,725833333333333;1
0,7275;1
0,730833333333333;1
0,733333333333333;1
0,735;1
0,739166666666667;1
0,7425;1
0,744166666666667;1
0,745833333333333;1
0,7475;1
0,75;1
0,750833333333333;1
0,7525;1
0,754166666666667;1
0,755833333333333;1
0,7575;1
0,7575;1
0,759166666666667;1
0,761666666666667;1
0,763333333333333;1
0,765;1
0,766666666666667;1
0,7675;1
0,769166666666667;1
0,770833333333333;1
0,770833333333333;1
0,773333333333333;1
0,776666666666667;1
0,78;1
0,780833333333333;1
0,784166666666667;1
0,785;1
0,7875;1
0,791666666666667;1
0,7925;1
0,793333333333333;1
0,795;1
0,795833333333333;1
0,796666666666667;1
0,7975;1
0,8;1
0,801666666666667;1
0,8025;1
0,804166666666667;1
0,805833333333333;1
0,805833333333333;1
0,806666666666667;1
0,808333333333333;1
0,809166666666667;1
0,811666666666667;1
0,811666666666667;1
0,8125;1
0,8125;1
0,813333333333333;1
0,815;1
0,8175;1
0,819166666666667;1
0,823333333333333;1
0,823333333333333;1
0,825833333333333;1
0,826666666666667;1
0,828333333333333;1
0,830833333333333;1
0,831666666666667;1
0,833333333333333;1
0,836666666666667;1
0,839166666666667;1
0,84;1
0,841666666666667;1
0,8425;1
0,8425;1
0,8475;1
0,85;1
0,851666666666667;1
0,8525;1
0,853333333333333;1
0,855;1
0,855;1
0,8575;1
0,858333333333333;1
0,861666666666667;1
0,864166666666667;1
0,865;1
0,865;1
0,865;1
0,866666666666667;1
0,866666666666667;1
0,868333333333333;1
0,87;1
0,871666666666667;1
0,873333333333333;1
0,875833333333333;1
0,8775;1
0,880833333333333;1
0,881666666666667;1
0,883333333333333;1
0,883333333333333;1
0,884166666666667;1
0,884166666666667;1
0,885833333333333;1
0,885833333333333;1
0,885833333333333;1
0,8875;1
0,888333333333333;1
0,889166666666667;1
0,89;1
0,890833333333333;1
0,890833333333333;1
0,891666666666667;1
0,894166666666667;1
0,895;1
0,896666666666667;1
0,899166666666667;1
0,899166666666667;1
0,900833333333333;1
0,901666666666667;1
0,901666666666667;1
0,904166666666667;1
0,905833333333333;1
0,9075;1
0,9075;1
0,9075;1
0,908333333333333;1
0,909166666666667;1
0,91;1
0,910833333333333;1
0,910833333333333;1
0,9125;1
0,9125;1
0,913333333333333;1
0,913333333333333;1
0,913333333333333;1
0,915;1
0,916666666666667;1
0,916666666666667;1
0,918333333333333;1
0,919166666666667;1
0,92;1
0,921666666666667;1
0,921666666666667;1
0,9225;1
0,9225;1
0,9225;1
0,923333333333333;1
0,923333333333333;1
0,925;1
0,925833333333333;1
0,925833333333333;1
0,925833333333333;1
0,925833333333333;1
0,9275;1
0,9275;1
0,9275;1
0,928333333333333;1
0,929166666666667;1
0,93;1
0,931666666666667;1
0,931666666666667;1
0,9325;1
0,933333333333333;1
0,934166666666667;1
0,934166666666667;1
0,935;1
0,935;1
0,935833333333333;1
0,936666666666667;1
0,9375;1
0,9375;1
0,938333333333333;1
0,939166666666667;1
0,939166666666667;1
0,939166666666667;1
0,94;1
0,940833333333333;1
0,941666666666667;1
0,941666666666667;1
0,941666666666667;1
0,9425;1
0,943333333333333;1
0,944166666666667;1
0,945;1
0,945;1
0,945;1
0,945;1
0,945833333333333;1
0,946666666666667;1
0,948333333333333;1
0,949166666666667;1
0,949166666666667;1
0,95;1
0,95;1
0,95;1
0,951666666666667;1
0,951666666666667;1
0,953333333333333;1
0,953333333333333;1
0,954166666666667;1
0,954166666666667;1
0,954166666666667;1
0,955;1
0,955833333333333;1
0,9575;1
0,9575;1
0,9575;1
0,9575;1
0,9575;1
0,958333333333333;1
0,958333333333333;1
0,958333333333333;1
0,96;1
0,96;1
0,96;1
0,96;1
0,960833333333333;1
0,960833333333333;1
0,960833333333333;1
0,960833333333333;1
0,960833333333333;1
0,960833333333333;1
0,9625;1
0,963333333333333;1
0,963333333333333;1
0,963333333333333;1
0,964166666666667;1
0,964166666666667;1
0,964166666666667;1
0,964166666666667;1
0,964166666666667;1
0,964166666666667;1
0,964166666666667;1
0,964166666666667;1
0,965;1
0,965833333333333;1
0,966666666666667;1
0,966666666666667;1
0,966666666666667;1
0,9675;1
0,9675;1
0,9675;1
0,968333333333333;1
0,968333333333333;1
0,968333333333333;1
0,968333333333333;1
0,969166666666667;1
0,97;1
0,97;1
0,97;1
0,97;1
0,97;1
0,97;1
0,97;1
0,97;1
0,970833333333333;1
0,970833333333333;1
0,970833333333333;1
0,970833333333333;1
0,970833333333333;1
0,970833333333333;1
0,970833333333333;1
0,970833333333333;1
0,970833333333333;1
0,971666666666667;1
0,971666666666667;1
0,971666666666667;1
0,971666666666667;1
0,971666666666667;1
0,9725;1
0,973333333333333;1
0,973333333333333;1
0,973333333333333;1
0,973333333333333;1
0,974166666666667;1
0,974166666666667;1
0,974166666666667;1
0,975;1
0,975;1
0,975833333333333;1
0,976666666666667;1
0,976666666666667;1
0,976666666666667;1
0,976666666666667;1
0,976666666666667;1
0,976666666666667;1
0,9775;1
0,9775;1
0,9775;1
0,978333333333333;1
0,979166666666667;1
0,98;1
0,98;1
0,980833333333333;1
0,980833333333333;1
0,980833333333333;1
0,980833333333333;1
0,980833333333333;1
0,980833333333333;1
0,980833333333333;1
0,980833333333333;1
0,981666666666667;1
0,981666666666667;1
0,981666666666667;1
0,981666666666667;1
0,981666666666667;1
0,981666666666667;1
0,981666666666667;1
0,981666666666667;1
0,981666666666667;1
0,981666666666667;1
0,981666666666667;1
0,9825;1
0,983333333333333;1
0,985833333333333;1
0,985833333333333;1
0,985833333333333;1
0,985833333333333;1
0,985833333333333;1
0,985833333333333;1
0,985833333333333;1
0,985833333333333;1
0,985833333333333;1
0,985833333333333;1
0,985833333333333;1
0,986666666666667;1
0,986666666666667;1
0,986666666666667;1
0,986666666666667;1
0,986666666666667;1
0,986666666666667;1
0,986666666666667;1
0,986666666666667;1
0,986666666666667;1
0,988333333333333;1
0,989166666666667;1
0,989166666666667;1
0,989166666666667;1
0,989166666666667;1
0,99;1
0,99;1
0,99;1
0,990833333333333;1
0,990833333333333;1
0,990833333333333;1
0,991666666666667;1
0,991666666666667;1
0,991666666666667;1
0,991666666666667;1
0,991666666666667;1
0,991666666666667;1
0,991666666666667;1
0,991666666666667;1
0,991666666666667;1
0,991666666666667;1
0,991666666666667;1
0,991666666666667;1
0,9925;1
0,9925;1
0,9925;1
0,993333333333333;1
0,993333333333333;1
0,993333333333333;1
0,993333333333333;1
0,993333333333333;1
0,994166666666667;1
0,994166666666667;1
0,995;1
0,995;1
0,995;1
0,995;1
0,995;1
0,995;1
0,995;1
0,995;1
0,995;1
0,995;1
0,995;1
0,995;1
0,995;1
0,995;1
0,995;1
0,995;1
0,995;1
0,995;1
0,995;1
0,995;1
0,995;1
0,995;1
0,995;1
0,995;1
0,995833333333333;1
0,995833333333333;1
0,995833333333333;1
0,995833333333333;1
0,995833333333333;1
0,995833333333333;1
0,995833333333333;1
0,995833333333333;1
0,995833333333333;1
0,995833333333333;1
0,995833333333333;1
0,995833333333333;1
0,995833333333333;1
0,995833333333333;1
0,995833333333333;1
0,995833333333333;1
0,995833333333333;1
0,995833333333333;1
0,995833333333333;1
0,995833333333333;1
0,995833333333333;1
0,995833333333333;1
0,995833333333333;1
0,995833333333333;1
0,995833333333333;1
0,995833333333333;1
0,995833333333333;1
0,995833333333333;1
0,995833333333333;1
0,995833333333333;1
0,995833333333333;1
0,995833333333333;1
0,995833333333333;1
0,995833333333333;1
0,995833333333333;1
0,995833333333333;1
0,995833333333333;1
0,995833333333333;1
0,995833333333333;1
0,996666666666667;1
0,996666666666667;1
0,996666666666667;1
0,996666666666667;1
0,996666666666667;1
0,996666666666667;1
0,996666666666667;1
0,996666666666667;1
0,996666666666667;1
0,996666666666667;1
0,996666666666667;1
0,996666666666667;1
0,996666666666667;1
0,996666666666667;1
0,996666666666667;1
0,996666666666667;1
0,996666666666667;1
0,996666666666667;1
0,996666666666667;1
0,996666666666667;1
0,996666666666667;1
0,996666666666667;1
0,996666666666667;1
0,996666666666667;1
0,996666666666667;1
0,996666666666667;1
0,9975;1
0,9975;1
0,9975;1
0,9975;1
0,9975;1
0,9975;1
0,9975;1
0,998333333333333;1
0,998333333333333;1
0,998333333333333;1
0,998333333333333;1
0,998333333333333;1
0,998333333333333;1
0,998333333333333;1
0,998333333333333;1
0,998333333333333;1
0,998333333333333;1
0,998333333333333;1
0,998333333333333;1
0,998333333333333;1
0,998333333333333;1
0,998333333333333;1
0,999166666666667;1
0,999166666666667;1
0,999166666666667;1
0,999166666666667;1
0,999166666666667;1
0,999166666666667;1
0,999166666666667;1
0,999166666666667;1
0,999166666666667;1
1;1
